ID_crad,username,phone_number,Email
1234567890123,jdoe,1234567890,jdoe@example.com
2345678901234,asmith,2345678901,asmith@example.com
3456789012345,bjones,3456789012,bjones@example.com
4567890123456,cwhite,4567890123,cwhite@example.com
5678901234567,dlee,5678901234,dlee@example.com
6789012345678,user6,6789012345,user6@example.com
7890123456789,user7,7890123456,user7@example.com
8901234567890,user8,8901234567,user8@example.com
9012345678901,user9,9012345678,user9@example.com
123456789012,user10,1234567890,user10@example.com
1234567890123,user11,2345678901,user11@example.com
2345678901234,user12,3456789012,user12@example.com
3456789012345,user13,4567890123,user13@example.com
4567890123456,user14,5678901234,user14@example.com
5678901234567,user15,6789012345,user15@example.com
6789012345678,user16,7890123456,user16@example.com
7890123456789,user17,8901234567,user17@example.com
8901234567890,user18,9012345678,user18@example.com
9012345678901,user19,123456789,user19@example.com
123456789012,user20,1234567890,user20@example.com
1234567890123,user21,2345678901,user21@example.com
2345678901234,user22,3456789012,user22@example.com
3456789012345,user23,4567890123,user23@example.com
4567890123456,user24,5678901234,user24@example.com
5678901234567,user25,6789012345,user25@example.com
6789012345678,user26,7890123456,user26@example.com
7890123456789,user27,8901234567,user27@example.com
8901234567890,user28,9012345678,user28@example.com
9012345678901,user29,123456789,user29@example.com
123456789012,user30,1234567890,user30@example.com
1234567890123,user31,2345678901,user31@example.com
2345678901234,user32,3456789012,user32@example.com
3456789012345,user33,4567890123,user33@example.com
4567890123456,user34,5678901234,user34@example.com
5678901234567,user35,6789012345,user35@example.com
6789012345678,user36,7890123456,user36@example.com
7890123456789,user37,8901234567,user37@example.com
8901234567890,user38,9012345678,user38@example.com
9012345678901,user39,123456789,user39@example.com
123456789012,user40,1234567890,user40@example.com
1234567890123,user41,2345678901,user41@example.com
2345678901234,user42,3456789012,user42@example.com
3456789012345,user43,4567890123,user43@example.com
4567890123456,user44,5678901234,user44@example.com
5678901234567,user45,6789012345,user45@example.com
6789012345678,user46,7890123456,user46@example.com
7890123456789,user47,8901234567,user47@example.com
8901234567890,user48,9012345678,user48@example.com
9012345678901,user49,123456789,user49@example.com
123456789012,user50,1234567890,user50@example.com
1234567890123,user51,2345678901,user51@example.com
2345678901234,user52,3456789012,user52@example.com
3456789012345,user53,4567890123,user53@example.com
4567890123456,user54,5678901234,user54@example.com
5678901234567,user55,6789012345,user55@example.com
6789012345678,user56,7890123456,user56@example.com
7890123456789,user57,8901234567,user57@example.com
8901234567890,user58,9012345678,user58@example.com
9012345678901,user59,123456789,user59@example.com
123456789012,user60,1234567890,user60@example.com
1234567890123,user61,2345678901,user61@example.com
2345678901234,user62,3456789012,user62@example.com
3456789012345,user63,4567890123,user63@example.com
4567890123456,user64,5678901234,user64@example.com
5678901234567,user65,6789012345,user65@example.com
6789012345678,user66,7890123456,user66@example.com
7890123456789,user67,8901234567,user67@example.com
8901234567890,user68,9012345678,user68@example.com
9012345678901,user69,123456789,user69@example.com
123456789012,user70,1234567890,user70@example.com
1234567890123,user71,2345678901,user71@example.com
2345678901234,user72,3456789012,user72@example.com
3456789012345,user73,4567890123,user73@example.com
4567890123456,user74,5678901234,user74@example.com
5678901234567,user75,6789012345,user75@example.com
6789012345678,user76,7890123456,user76@example.com
7890123456789,user77,8901234567,user77@example.com
8901234567890,user78,9012345678,user78@example.com
9012345678901,user79,123456789,user79@example.com
123456789012,user80,1234567890,user80@example.com
1234567890123,user81,2345678901,user81@example.com
2345678901234,user82,3456789012,user82@example.com
3456789012345,user83,4567890123,user83@example.com
4567890123456,user84,5678901234,user84@example.com
5678901234567,user85,6789012345,user85@example.com
6789012345678,user86,7890123456,user86@example.com
7890123456789,user87,8901234567,user87@example.com
8901234567890,user88,9012345678,user88@example.com
9012345678901,user89,123456789,user89@example.com
123456789012,user90,1234567890,user90@example.com
1234567890123,user91,2345678901,user91@example.com
2345678901234,user92,3456789012,user92@example.com
3456789012345,user93,4567890123,user93@example.com
4567890123456,user94,5678901234,user94@example.com
5678901234567,user95,6789012345,user95@example.com
6789012345678,user96,7890123456,user96@example.com
7890123456789,user97,8901234567,user97@example.com
8901234567890,user98,9012345678,user98@example.com
9012345678901,user99,123456789,user99@example.com
123456789012,user100,1234567890,user100@example.com